CV_K,min_pos,max_pos
0,9.24531003760095,210.070477008275
0.001,9.13027765658845,203.740023686436
0.1,13.8789381079743,208.096245908253
0.3,16.869023516171,199.66690295879
