CV_K,min_pos,max_pos
1,-499.059460781641,108.03115704045
