CV_K,min_pos,max_pos
1,52.2585596789472,171.585985026467
