CV_K,min_pos,max_pos
1,51.6254774912497,174.005245082691
