CV_K,min_pos,max_pos
1,51.5739545836192,173.940131073642
