CV_K,min_pos,max_pos
0,93.085342421666,4.27525975509792
0.001,110.913104342511,203.597062409039
0.1,130.844105947534,-8.19079906675799
0.3,-444.520182101331,5.13796187830392
