CV_K,min_pos,max_pos
0,9.06558784781603,207.632337269706
0.001,8.94875533661182,201.276845223687
0.1,11.4158821531354,205.619417385445
0.3,16.3638235720484,197.251723845647
