CV_K,min_pos,max_pos
0,214.696128640577,209.899090278102
0.001,197.073736244421,203.550831702772
0.1,204.922021916172,207.911388500477
0.3,152.494847518833,6.84041581572186
