CV_K,min_pos,max_pos
1,-3434.40429532477,-207.791869548587
