CV_K,min_pos,max_pos
0,9.19137358015483,210.024320556999
0.001,11.3439449808355,203.661798174299
0.1,13.818024340214,208.032415680704
0.3,16.8191968974339,199.619418280228
