CV_K,min_pos,max_pos
1,-436.190692697534,119.575335972015
