CV_K,min_pos,max_pos
0,212.453658455547,207.498844818917
0.001,187.576476917363,207.841371400433
0.1,202.660033341713,205.483237793341
0.3,152.905371708452,7.28321004516829
