CV_K,min_pos,max_pos
0,13.4431673924334,208.1155962121
