CV_K,min_pos,max_pos
0,13.3845979856362,208.061679320212
