CV_K,min_pos,max_pos
0,168.393484441489,210.51146070381
