CV_K,min_pos,max_pos
0,11.4128788771057,227.143113893478
