CV_K,min_pos,max_pos
0,154.835206572909,208.088333079965
