CV_K,min_pos,max_pos
0,93.9964021267974,1.86710931953733
